{"cameraMode":{"drawMode":0,"name":"Shaded","section":"Shading Mode"},"sceneLighting":false,"audioPlay":false,"sceneViewState":{"showFog":true,"showMaterialUpdate":false,"showSkybox":false,"showFlares":true,"showImageEffects":true,"showParticleSystems":true},"in2DMode":false,"pivot":{"x":581.87890625,"y":246.1361846923828,"z":1409.5615234375},"rotation":{"x":0.028813302516937257,"y":0.013242765329778195,"z":-0.0006952865514904261,"w":1.0000098943710328},"size":1989.9315185546875,"orthographic":false}