{"cameraMode":{"drawMode":0,"name":"Shaded","section":"Shading Mode"},"sceneLighting":false,"audioPlay":false,"sceneViewState":{"showFog":true,"showMaterialUpdate":false,"showSkybox":false,"showFlares":true,"showImageEffects":true,"showParticleSystems":true},"in2DMode":false,"pivot":{"x":513.981689453125,"y":308.4031982421875,"z":-8.625954627990723},"rotation":{"x":0.0002894995850510895,"y":0.04325685277581215,"z":-0.00047252036165446043,"w":0.9995867609977722},"size":8.25,"orthographic":false}