{"cameraMode":{"drawMode":0,"name":"Shaded","section":"Shading Mode"},"sceneLighting":false,"audioPlay":false,"sceneViewState":{"showFog":true,"showMaterialUpdate":false,"showSkybox":false,"showFlares":true,"showImageEffects":true,"showParticleSystems":true},"in2DMode":false,"pivot":{"x":483.85540771484377,"y":99.07672882080078,"z":561.0885620117188},"rotation":{"x":-0.10366969555616379,"y":0.0023201119620352985,"z":-0.000375137577066198,"w":-0.9950711131095886},"size":1206.6046142578125,"orthographic":false}