{"cameraMode":{"drawMode":0,"name":"Shaded","section":"Shading Mode"},"sceneLighting":false,"audioPlay":false,"sceneViewState":{"showFog":true,"showMaterialUpdate":false,"showSkybox":false,"showFlares":true,"showImageEffects":true,"showParticleSystems":true},"in2DMode":false,"pivot":{"x":477.9285583496094,"y":120.22502136230469,"z":1271.4456787109375},"rotation":{"x":-0.08573669195175171,"y":0.011298208497464657,"z":-0.0010947217233479024,"w":-0.9967212080955505},"size":1977.1358642578125,"orthographic":false}