{"cameraMode":{"drawMode":0,"name":"Shaded","section":"Shading Mode"},"sceneLighting":true,"audioPlay":false,"sceneViewState":{"showFog":true,"showMaterialUpdate":false,"showSkybox":false,"showFlares":true,"showImageEffects":true,"showParticleSystems":true},"in2DMode":false,"pivot":{"x":0.0,"y":3.0625195503234865,"z":-4.402829647064209},"rotation":{"x":-0.03474612534046173,"y":0.38912469148635867,"z":-0.014905061572790146,"w":-0.9206207990646362},"size":70.43915557861328,"orthographic":false}