{"cameraMode":{"drawMode":0,"name":"Shaded","section":"Shading Mode"},"sceneLighting":false,"audioPlay":false,"sceneViewState":{"showFog":true,"showMaterialUpdate":false,"showSkybox":false,"showFlares":true,"showImageEffects":true,"showParticleSystems":true},"in2DMode":false,"pivot":{"x":614.3961791992188,"y":-7.127064228057861,"z":1097.5513916015625},"rotation":{"x":0.11696823686361313,"y":0.04441363364458084,"z":-0.005554756615310907,"w":0.9926382899284363},"size":1829.995849609375,"orthographic":false}