{"cameraMode":{"drawMode":0,"name":"Shaded","section":"Shading Mode"},"sceneLighting":false,"audioPlay":false,"sceneViewState":{"showFog":true,"showMaterialUpdate":false,"showSkybox":false,"showFlares":true,"showImageEffects":true,"showParticleSystems":true},"in2DMode":false,"pivot":{"x":564.5421142578125,"y":174.78561401367188,"z":1261.18798828125},"rotation":{"x":-0.06329457461833954,"y":-0.008150408044457436,"z":0.000380979006877169,"w":-0.9984187483787537},"size":1995.9798583984375,"orthographic":false}