{"cameraMode":{"drawMode":0,"name":"Shaded","section":"Shading Mode"},"sceneLighting":false,"audioPlay":false,"sceneViewState":{"showFog":true,"showMaterialUpdate":false,"showSkybox":false,"showFlares":true,"showImageEffects":true,"showParticleSystems":true},"in2DMode":false,"pivot":{"x":578.6035766601563,"y":150.56613159179688,"z":1180.2816162109375},"rotation":{"x":-0.07976143807172775,"y":-0.0021582983899861576,"z":0.0000522066475241445,"w":-0.9972788095474243},"size":1959.0419921875,"orthographic":false}