{"cameraMode":{"drawMode":0,"name":"Shaded","section":"Shading Mode"},"sceneLighting":false,"audioPlay":false,"sceneViewState":{"showFog":true,"showMaterialUpdate":false,"showSkybox":false,"showFlares":true,"showImageEffects":true,"showParticleSystems":true},"in2DMode":false,"pivot":{"x":622.3286743164063,"y":26.004405975341798,"z":1199.2659912109375},"rotation":{"x":-0.11410925537347794,"y":-0.009609876200556755,"z":0.000980106764473021,"w":-0.9938914775848389},"size":2023.3402099609375,"orthographic":false}