{"cameraMode":{"drawMode":0,"name":"Shaded","section":"Shading Mode"},"sceneLighting":false,"audioPlay":false,"sceneViewState":{"showFog":true,"showMaterialUpdate":false,"showSkybox":false,"showFlares":true,"showImageEffects":true,"showParticleSystems":true},"in2DMode":false,"pivot":{"x":828.2388305664063,"y":508.49603271484377,"z":120.91719818115235},"rotation":{"x":-0.0033100394066423179,"y":-0.021596644073724748,"z":0.00007706141332164407,"w":-1.0001428127288819},"size":390.5763244628906,"orthographic":false}