{"cameraMode":{"drawMode":0,"name":"Shaded","section":"Shading Mode"},"sceneLighting":false,"audioPlay":false,"sceneViewState":{"showFog":true,"showMaterialUpdate":false,"showSkybox":false,"showFlares":true,"showImageEffects":true,"showParticleSystems":true},"in2DMode":false,"pivot":{"x":519.4890747070313,"y":174.84426879882813,"z":1335.277099609375},"rotation":{"x":0.037812136113643649,"y":-0.006302194204181433,"z":0.00030338193755596876,"w":0.9995982646942139},"size":1977.179931640625,"orthographic":false}