{"cameraMode":{"drawMode":0,"name":"Shaded","section":"Shading Mode"},"sceneLighting":false,"audioPlay":false,"sceneViewState":{"showFog":true,"showMaterialUpdate":false,"showSkybox":false,"showFlares":true,"showImageEffects":true,"showParticleSystems":true},"in2DMode":false,"pivot":{"x":575.719482421875,"y":160.4439697265625,"z":1231.8199462890625},"rotation":{"x":-0.08124028891324997,"y":-0.02160148322582245,"z":0.0016337858978658915,"w":-0.9969183802604675},"size":1977.1358642578125,"orthographic":false}