{"cameraMode":{"drawMode":0,"name":"Shaded","section":"Shading Mode"},"sceneLighting":false,"audioPlay":false,"sceneViewState":{"showFog":true,"showMaterialUpdate":false,"showSkybox":false,"showFlares":true,"showImageEffects":true,"showParticleSystems":true},"in2DMode":false,"pivot":{"x":2.6151857376098635,"y":2.3047938346862795,"z":7.175928115844727},"rotation":{"x":0.004810169339179993,"y":0.05219266563653946,"z":-0.0001459753984818235,"w":0.9989662766456604},"size":11.947264671325684,"orthographic":false}